#	Sample ID	User name	Date and Time	Nucleic Acid	Unit	A260 (Abs)	A280 (Abs)	260/280	260/230	Sample Type	Factor
2		fay_w	26/03/2023 10:45:43	6.1	ng/µl	0.122	0.074	1.65	1.07	DNA	50.00
5	LJ-001	fay_w	26/03/2023 10:49:18	7.6	ng/µl	0.153	0.096	1.59	-0.39	DNA	50.00
6	LJ-002	fay_w	26/03/2023 10:49:51	39.8	ng/µl	0.797	0.487	1.64	1.55	DNA	50.00
3	LJ-002+	fay_w	26/03/2023 10:47:17	5.1	ng/µl	0.102	0.058	1.75	-0.23	DNA	50.00
7	LJ-003	fay_w	26/03/2023 10:50:34	4.9	ng/µl	0.097	0.048	2.03	-0.21	DNA	50.00
1	LJ-003+	fay_w	26/03/2023 10:48:02	114.7	ng/µl	2.295	1.560	1.47	0.79	DNA	50.00
8	LJ-004	fay_w	26/03/2023 10:51:10	2.9	ng/µl	0.058	0.029	1.98	-0.18	DNA	50.00
4	LJ-004+	fay_w	26/03/2023 10:48:44	7.5	ng/µl	0.151	0.100	1.52	-0.50	DNA	50.00
22	R control (22)	fay_w	26/03/2023 11:03:17	4.2	ng/µl	0.084	0.053	1.59	-0.24	DNA	50.00
64	R_control	fay_w	26/03/2023 11:38:22	0.6	ng/µl	0.013	-0.004	-2.96	0.02	DNA	50.00
9	R1(9)	fay_w	26/03/2023 10:53:01	107.8	ng/µl	2.155	1.238	1.74	2.88	DNA	50.00
10	R2.1(10)	fay_w	26/03/2023 10:53:47	63.1	ng/µl	1.263	0.694	1.82	35.26	DNA	50.00
65	R2.1(10)wdh	fay_w	26/03/2023 11:43:34	64.8	ng/µl	1.295	0.701	1.85	2.03	DNA	50.00
11	R2.2(11)	fay_w	26/03/2023 10:54:27	49.9	ng/µl	0.998	0.696	1.43	0.53	DNA	50.00
41	R27	fay_w	26/03/2023 11:29:18	94.1	ng/µl	1.882	0.888	2.12	2.04	DNA	50.00
42	R28	fay_w	26/03/2023 11:30:00	117.5	ng/µl	2.349	1.258	1.87	1.96	DNA	50.00
43	R29	fay_w	26/03/2023 11:30:28	18.0	ng/µl	0.361	0.185	1.95	1.12	DNA	50.00
13	R3.1(12)	fay_w	26/03/2023 10:55:36	69.8	ng/µl	1.395	0.749	1.86	16.35	DNA	50.00
67	R3.1(12)wdh	fay_w	26/03/2023 11:44:17	71.8	ng/µl	1.437	0.775	1.85	1.92	DNA	50.00
12	R3.2(13)	fay_w	26/03/2023 10:56:50	44.0	ng/µl	0.881	0.541	1.63	1.86	DNA	50.00
44	R30	fay_w	26/03/2023 11:30:50	122.3	ng/µl	2.445	1.314	1.86	2.01	DNA	50.00
45	R31	fay_w	26/03/2023 11:31:19	102.6	ng/µl	2.053	1.104	1.86	1.68	DNA	50.00
47	R32	fay_w	26/03/2023 11:31:50	186.6	ng/µl	3.731	2.006	1.86	1.23	DNA	50.00
46	R33	fay_w	26/03/2023 11:32:18	62.7	ng/µl	1.255	0.678	1.85	1.77	DNA	50.00
48	R34	fay_w	26/03/2023 11:32:36	56.9	ng/µl	1.138	0.622	1.83	0.88	DNA	50.00
49	R35	fay_w	26/03/2023 11:33:06	79.1	ng/µl	1.582	0.871	1.82	1.77	DNA	50.00
50	R36	fay_w	26/03/2023 11:33:32	7.3	ng/µl	0.145	0.074	1.96	0.99	DNA	50.00
52	R37	fay_w	26/03/2023 11:33:51	226.5	ng/µl	4.530	2.443	1.85	1.92	DNA	50.00
51	R38	fay_w	26/03/2023 11:34:13	119.8	ng/µl	2.397	1.277	1.88	1.52	DNA	50.00
53	R39	fay_w	26/03/2023 11:34:31	59.8	ng/µl	1.196	0.636	1.88	1.16	DNA	50.00
15	R4(14)	fay_w	26/03/2023 10:57:43	118.5	ng/µl	2.371	1.341	1.77	2.09	DNA	50.00
54	R40	fay_w	26/03/2023 11:34:51	94.9	ng/µl	1.898	1.065	1.78	1.13	DNA	50.00
56	R41	fay_w	26/03/2023 11:35:12	103.8	ng/µl	2.075	1.116	1.86	1.81	DNA	50.00
55	R42	fay_w	26/03/2023 11:35:42	103.8	ng/µl	2.076	1.113	1.87	1.88	DNA	50.00
57	R43	fay_w	26/03/2023 11:36:00	3.2	ng/µl	0.063	0.035	1.82	0.04	DNA	50.00
58	R44	fay_w	26/03/2023 11:36:24	81.7	ng/µl	1.634	0.896	1.82	0.94	DNA	50.00
59	R45	fay_w	26/03/2023 11:36:52	115.5	ng/µl	2.310	1.223	1.89	2.16	DNA	50.00
60	R46	fay_w	26/03/2023 11:37:13	77.6	ng/µl	1.552	0.845	1.84	0.30	DNA	50.00
61	R47	fay_w	26/03/2023 11:37:35	148.0	ng/µl	2.961	1.589	1.86	1.73	DNA	50.00
62	R48	fay_w	26/03/2023 11:37:57	107.8	ng/µl	2.155	1.173	1.84	1.74	DNA	50.00
14	R5(15)	fay_w	26/03/2023 10:58:31	87.7	ng/µl	1.753	0.947	1.85	5.60	DNA	50.00
16	R5.2(16)	fay_w	26/03/2023 10:59:02	-1.7	ng/µl	-0.034	-0.064	0.54	-0.05	DNA	50.00
69	R5.2(16)wdh	fay_w	26/03/2023 11:46:16	1.2	ng/µl	0.024	0.000	101.69	0.01	DNA	50.00
68	R5.2(16)wdh2	fay_w	26/03/2023 11:46:52	0.8	ng/µl	0.016	0.001	22.87	0.01	DNA	50.00
17	R6.9(17)	fay_w	26/03/2023 10:59:49	70.9	ng/µl	1.417	0.762	1.86	10.83	DNA	50.00
18	R6.b(18)	fay_w	26/03/2023 11:00:25	43.1	ng/µl	0.863	0.465	1.86	694.60	DNA	50.00
63	R6.b(18)wdh	fay_w	26/03/2023 11:40:41	77.3	ng/µl	1.545	0.903	1.71	0.95	DNA	50.00
19	R7a(19)	fay_w	26/03/2023 11:01:07	27.4	ng/µl	0.547	0.300	1.82	-1.68	DNA	50.00
70	R7a(19)wdh	fay_w	26/03/2023 11:48:37	68.2	ng/µl	1.364	0.833	1.64	0.80	DNA	50.00
20	R7b(20)	fay_w	26/03/2023 11:01:41	48.1	ng/µl	0.963	0.525	1.83	-87.42	DNA	50.00
66	R7b(20)wdh	fay_w	26/03/2023 11:45:18	47.0	ng/µl	0.940	0.510	1.85	1.65	DNA	50.00
21	R8(21)	fay_w	26/03/2023 11:02:15	145.3	ng/µl	2.906	1.570	1.85	3.57	DNA	50.00
29	Ro10	fay_w	26/03/2023 11:07:39	177.9	ng/µl	3.558	1.887	1.89	1.91	DNA	50.00
28	Ro11	fay_w	26/03/2023 11:07:08	120.5	ng/µl	2.410	1.367	1.76	1.15	DNA	50.00
27	Ro12	fay_w	26/03/2023 11:06:41	129.3	ng/µl	2.587	1.370	1.89	1.96	DNA	50.00
26	Ro13	fay_w	26/03/2023 11:06:21	45.5	ng/µl	0.910	0.586	1.55	0.54	DNA	50.00
25	Ro14	fay_w	26/03/2023 11:05:50	33.4	ng/µl	0.668	0.353	1.89	1.04	DNA	50.00
24	Ro15	fay_w	26/03/2023 11:05:21	26.8	ng/µl	0.535	0.283	1.89	1.18	DNA	50.00
23	Ro16	fay_w	26/03/2023 11:04:55	89.9	ng/µl	1.798	0.968	1.86	1.54	DNA	50.00
30	Ro18	fay_w	26/03/2023 11:08:24	83.2	ng/µl	1.663	0.998	1.67	0.58	DNA	50.00
31	Ro19	fay_w	26/03/2023 11:08:48	76.0	ng/µl	1.519	0.811	1.87	1.70	DNA	50.00
32	Ro20	fay_w	26/03/2023 11:09:16	201.5	ng/µl	4.031	2.564	1.57	0.41	DNA	50.00
33	Ro21	fay_w	26/03/2023 11:09:49	165.6	ng/µl	3.313	1.770	1.87	1.57	DNA	50.00
34	Ro22	fay_w	26/03/2023 11:10:17	199.4	ng/µl	3.988	2.208	1.81	1.20	DNA	50.00
35	Ro22	fay_w	26/03/2023 11:10:43	165.2	ng/µl	3.304	1.788	1.85	1.46	DNA	50.00
36	Ro23	fay_w	26/03/2023 11:11:15	164.1	ng/µl	3.283	1.781	1.84	1.36	DNA	50.00
37	Ro24	fay_w	26/03/2023 11:11:52	142.8	ng/µl	2.856	1.648	1.73	0.78	DNA	50.00
38	Ro25	fay_w	26/03/2023 11:12:27	59.0	ng/µl	1.181	0.640	1.85	1.26	DNA	50.00
39	Ro26	fay_w	26/03/2023 11:12:51	178.2	ng/µl	3.565	1.887	1.89	2.19	DNA	50.00
40	RoX	fay_w	26/03/2023 11:13:25	1.3	ng/µl	0.027	0.004	6.05	0.02	DNA	50.00
